SA4_CODE_2021,P_85y_ov_DNUDW,P_85y_ov_UDW_NS,P_85y_ov_Total,P_Tot_DUDW_LT_5_h,P_Tot_DUDW_5_14_h,P_Tot_DUDW_15_29_h,P_Tot_DUDW_30_h_mo,P_Tot_DNUDW,P_Tot_UDW_NS,P_Tot_Total
101,2856,717,5776,37883,57318,27459,18961,41051,14889,197558
102,4738,2173,10545,52906,77520,38317,28432,69378,17689,284248
103,2858,640,5504,31346,45564,22083,16734,41481,14396,171594
104,2098,679,4473,21161,32502,17109,12061,28358,10096,121293
105,1429,536,2866,15627,22295,10260,8139,24375,11984,92669
106,2903,839,5922,42317,64121,31308,23963,58029,15303,235041
107,3773,1408,8227,49894,71729,34487,24723,63404,13481,257723
108,4143,1309,8536,32355,51042,27056,20608,47202,14933,193195
109,1690,482,3413,19103,26777,12799,9347,24643,8591,101262
110,2204,766,4669,25996,38197,18806,14317,36881,15860,150057
111,5296,1705,10881,66033,93638,42260,27040,77052,16877,322898
112,4069,1347,8337,40216,60000,29130,19625,47352,17915,214236
113,2151,612,4250,24717,33608,15541,11500,34937,11358,131660
114,2431,733,5266,23681,37540,19760,14358,30093,9478,134907
115,2328,833,5023,42133,59969,31202,22716,46759,7619,210397
116,2558,552,4339,50752,70905,34742,29873,102492,21154,309913
117,1771,698,3864,68100,88179,26020,13259,81317,21647,298518
118,2515,1506,6538,53475,66455,24034,13441,49054,14941,221391
119,7030,2739,14802,83087,107230,51695,43265,175022,36031,496332
120,3503,979,7002,52152,74588,30664,18341,69352,13888,258984
121,4740,1252,10839,76266,109861,49695,29537,69673,12809,347853
122,3236,969,7243,48787,67550,29923,17480,42211,8867,214822
123,1693,801,3676,41523,58129,27804,23962,65788,13744,230946
124,2496,876,5235,49483,72983,34711,26723,65075,16288,265262
125,3899,1248,7867,62756,84860,40654,34264,144044,32445,399020
126,2214,838,5131,33048,46894,22172,14427,43289,7785,167614
127,3901,1421,7189,58106,71535,34490,33808,151405,26093,375436
128,2722,1098,6432,39847,56234,26613,17121,39890,7493,187196
197,0,0,0,0,0,0,0,0,0,0
199,23,19,49,1561,1512,614,402,2643,3376,10112
201,2082,704,4317,27128,39996,19117,13994,32831,9788,142855
202,2082,808,4517,26073,39005,19036,13813,29631,10137,137698
203,3889,1100,7951,53401,77694,35951,24424,61026,16188,268681
204,2527,640,4995,28028,42841,20913,15306,34558,11634,153276
205,3864,1234,7929,43532,66605,34900,27599,56886,20298,249821
206,4752,1230,9883,135896,175522,52009,26207,126174,34255,550062
207,5919,1097,12274,69430,90304,40516,24799,77030,12570,314649
208,6202,1229,12330,80620,108181,44184,24724,77349,14435,349489
209,5375,1298,10509,86259,117864,51522,37265,122424,21842,437166
210,4166,842,7813,59854,78726,35088,29501,112816,20251,336226
211,5788,1529,11817,90344,124849,56630,37309,99323,17548,425997
212,8738,1771,16090,129740,163235,72850,55908,227591,39606,688939
213,5741,1234,10261,119386,158798,69005,55713,219195,46657,668748
214,4232,1514,9042,50618,72234,33612,22448,59806,16158,254875
215,2403,757,4936,22396,31621,15785,12974,33813,11951,128539
216,2009,597,3977,20117,28100,13576,10781,30578,9591,112743
217,1861,540,3801,20081,28442,14633,11132,24389,7594,106267
297,0,0,0,0,3,0,0,8,27,38
299,12,17,29,1148,1118,391,326,1694,3270,7946
301,2351,1032,5357,41801,59021,26805,16909,41818,9003,195353
302,2692,811,5665,40193,57183,23120,13999,41379,8577,184450
303,3510,618,6553,66251,86885,35656,22697,77288,14018,302801
304,1978,360,3973,35177,49537,22002,12713,28419,5035,152886
305,1730,419,3515,65226,80858,25422,13452,53773,15063,253794
306,2180,747,4493,39630,54329,23933,17763,49616,21495,206767
307,1426,485,2990,18714,25825,12820,11182,24536,10549,103622
308,1726,638,3660,33336,47352,21419,17360,43240,18219,180921
309,6259,2360,13071,109724,143803,61619,41177,134359,37421,528109
310,2275,703,4732,53146,75036,33094,25882,76148,22969,286265
311,2523,640,4487,52181,70852,31499,24616,79328,21066,279545
312,1299,393,2586,26724,36962,15754,12819,34524,18545,145327
313,3154,823,6077,40546,57381,27435,20503,55621,15307,216792
314,1286,331,2531,36875,52062,22583,15393,36117,7192,170216
315,370,112,739,12187,14401,5495,5006,15690,9367,62149
316,5078,1538,10669,65262,96552,46534,30925,71252,20473,330997
317,2013,425,3892,25956,36164,16175,11776,32464,7683,130221
318,1954,533,3857,36506,50839,21423,15614,47444,18110,189937
319,4280,1055,8257,43350,64282,34058,28870,66516,21182,258256
397,0,0,0,6,6,3,0,34,135,183
399,24,11,44,2216,2411,933,689,3525,3463,13234
401,4632,741,9235,58379,81092,35637,20722,56206,10850,262885
402,4782,1009,9116,72333,97012,42428,31141,105624,18810,367357
403,5368,887,10381,67364,96026,42349,25800,68043,12409,311995
404,4193,468,7525,43870,58856,24095,15249,56512,8934,207522
405,1712,378,3306,17222,26032,13653,10883,21099,6595,95480
406,883,229,1759,11538,17478,8470,6345,16645,6799,67276
407,2957,696,5989,29520,44356,23280,16761,36308,12667,162889
497,0,0,0,0,0,0,0,4,5,12
499,4,0,11,491,536,178,137,868,763,2975
501,1728,588,3986,28939,42205,20508,16681,33098,11626,153058
502,1394,503,3095,15535,22564,11003,9693,23669,6346,88811
503,2012,532,4406,38668,46489,17233,10460,32710,9305,154860
504,2146,607,4488,45987,60368,24639,19198,58180,14677,223065
505,5413,1176,10928,102618,129912,53395,37688,118505,23606,465735
506,4274,1491,9154,87807,111644,45895,36428,117243,27286,426298
507,3998,1277,8752,75875,99637,41500,31312,86640,21681,356647
509,1396,506,3308,20718,29386,14552,12605,24182,11830,113275
510,97,49,204,13220,16459,5945,4589,15590,13287,69087
511,771,295,1749,17079,23879,10362,8459,22529,13313,95614
597,0,0,0,33,21,10,15,214,222,516
599,10,23,30,870,963,339,278,1476,3362,7285
601,2799,541,5631,43383,60666,25674,15854,49167,10762,205506
602,1875,471,3742,23638,34516,16272,12029,32141,7577,126171
603,328,132,733,6050,9973,5257,4018,7164,2829,35295
604,1507,337,2887,17158,25477,12866,9950,24916,6326,96692
697,0,0,0,0,0,0,0,13,8,19
699,0,0,3,216,217,80,47,353,324,1248
701,410,134,833,22796,30785,11465,7491,27078,11999,111611
702,163,42,326,15688,17469,7453,4702,15048,8576,68943
797,0,0,0,9,14,6,4,47,25,94
799,4,0,7,480,399,152,120,687,1217,3052
801,2982,742,7180,85498,122804,46976,24590,73668,17459,370996
897,0,0,0,0,0,0,0,0,0,0
899,0,0,4,123,123,39,17,138,126,560
901,25,4,62,624,958,436,320,810,806,3953
997,0,0,0,0,0,0,0,0,0,0
999,0,0,0,6,3,0,0,0,8,11
